ORDER_ID,CUSTOMER_ID,EVENT_TYPE,TIMESTAMP
10001,CUST001,ORDER_PLACED,1705058401000
10002,CUST002,ORDER_PLACED,1705058402000
10003,CUST003,ORDER_PLACED,1705058403000
10004,CUST004,ORDER_PLACED,1705058404000
10005,CUST005,ORDER_PLACED,1705058405000
10006,CUST006,ORDER_PLACED,1705058406000
10007,CUST007,ORDER_PLACED,1705058407000
10008,CUST008,ORDER_PLACED,1705058408000
10009,CUST009,ORDER_PLACED,1705058409000
10010,CUST010,ORDER_PLACED,1705058410000
10011,CUST011,ORDER_PLACED,1705058411000
10012,CUST012,ORDER_PLACED,1705058412000
10013,CUST013,ORDER_PLACED,1705058413000
10014,CUST014,ORDER_PLACED,1705058414000
10015,CUST015,ORDER_PLACED,1705058415000
10016,CUST016,ORDER_PLACED,1705058416000
10017,CUST017,ORDER_PLACED,1705058417000
10018,CUST018,ORDER_PLACED,1705058418000
10019,CUST019,ORDER_PLACED,1705058419000
10020,CUST020,ORDER_PLACED,1705058420000
10021,CUST021,ORDER_PLACED,1705058421000
10022,CUST022,ORDER_PLACED,1705058422000
10023,CUST023,ORDER_PLACED,1705058423000
10024,CUST024,ORDER_PLACED,1705058424000
10025,CUST025,ORDER_PLACED,1705058425000
10026,CUST026,ORDER_PLACED,1705058426000
10027,CUST027,ORDER_PLACED,1705058427000
10028,CUST028,ORDER_PLACED,1705058428000
10029,CUST029,ORDER_PLACED,1705058429000
10030,CUST030,ORDER_PLACED,1705058430000
10031,CUST031,ORDER_PLACED,1705058431000
10032,CUST032,ORDER_PLACED,1705058432000
10033,CUST033,ORDER_PLACED,1705058433000
10034,CUST034,ORDER_PLACED,1705058434000
10035,CUST035,ORDER_PLACED,1705058435000
10036,CUST036,ORDER_PLACED,1705058436000
10037,CUST037,ORDER_PLACED,1705058437000
10038,CUST038,ORDER_PLACED,1705058438000
10039,CUST039,ORDER_PLACED,1705058439000
10040,CUST040,ORDER_PLACED,1705058440000
10041,CUST041,ORDER_PLACED,1705058441000
10042,CUST042,ORDER_PLACED,1705058442000
10043,CUST043,ORDER_PLACED,1705058443000
10044,CUST044,ORDER_PLACED,1705058444000
10045,CUST045,ORDER_PLACED,1705058445000
10046,CUST046,ORDER_PLACED,1705058446000
10047,CUST047,ORDER_PLACED,1705058447000
10048,CUST048,ORDER_PLACED,1705058448000
10049,CUST049,ORDER_PLACED,1705058449000
10050,CUST050,ORDER_PLACED,1705058450000
10051,CUST051,ORDER_PLACED,1705058451000
10052,CUST052,ORDER_PLACED,1705058452000
10053,CUST053,ORDER_PLACED,1705058453000
10054,CUST054,ORDER_PLACED,1705058454000
10055,CUST055,ORDER_PLACED,1705058455000
10056,CUST056,ORDER_PLACED,1705058456000
10057,CUST057,ORDER_PLACED,1705058457000
10058,CUST058,ORDER_PLACED,1705058458000
10059,CUST059,ORDER_PLACED,1705058459000
10060,CUST060,ORDER_PLACED,1705058460000
10061,CUST061,ORDER_PLACED,1705058461000
10062,CUST062,ORDER_PLACED,1705058462000
10063,CUST063,ORDER_PLACED,1705058463000
10064,CUST064,ORDER_PLACED,1705058464000
10065,CUST065,ORDER_PLACED,1705058465000
10066,CUST066,ORDER_PLACED,1705058466000
10067,CUST067,ORDER_PLACED,1705058467000
10068,CUST068,ORDER_PLACED,1705058468000
10069,CUST069,ORDER_PLACED,1705058469000
10070,CUST070,ORDER_PLACED,1705058470000
10071,CUST071,ORDER_PLACED,1705058471000
10072,CUST072,ORDER_PLACED,1705058472000
10073,CUST073,ORDER_PLACED,1705058473000
10074,CUST074,ORDER_PLACED,1705058474000
10075,CUST075,ORDER_PLACED,1705058475000
10076,CUST076,ORDER_PLACED,1705058476000
10077,CUST077,ORDER_PLACED,1705058477000
10078,CUST078,ORDER_PLACED,1705058478000
10079,CUST079,ORDER_PLACED,1705058479000
10080,CUST080,ORDER_PLACED,1705058480000
10081,CUST081,ORDER_PLACED,1705058481000
10082,CUST082,ORDER_PLACED,1705058482000
10083,CUST083,ORDER_PLACED,1705058483000
10084,CUST084,ORDER_PLACED,1705058484000
10085,CUST085,ORDER_PLACED,1705058485000
10086,CUST086,ORDER_PLACED,1705058486000
10087,CUST087,ORDER_PLACED,1705058487000
10088,CUST088,ORDER_PLACED,1705058488000
10089,CUST089,ORDER_PLACED,1705058489000
10090,CUST090,ORDER_PLACED,1705058490000
10091,CUST091,ORDER_PLACED,1705058491000
10092,CUST092,ORDER_PLACED,1705058492000
10093,CUST093,ORDER_PLACED,1705058493000
10094,CUST094,ORDER_PLACED,1705058494000
10095,CUST095,ORDER_PLACED,1705058495000
10096,CUST096,ORDER_PLACED,1705058496000
10097,CUST097,ORDER_PLACED,1705058497000
10098,CUST098,ORDER_PLACED,1705058498000
10099,CUST099,ORDER_PLACED,1705058499000
10100,CUST000,ORDER_PLACED,1705058500000
10101,CUST001,ORDER_PLACED,1705058501000
10102,CUST002,ORDER_PLACED,1705058502000
10103,CUST003,ORDER_PLACED,1705058503000
10104,CUST004,ORDER_PLACED,1705058504000
10105,CUST005,ORDER_PLACED,1705058505000
10106,CUST006,ORDER_PLACED,1705058506000
10107,CUST007,ORDER_PLACED,1705058507000
10108,CUST008,ORDER_PLACED,1705058508000
10109,CUST009,ORDER_PLACED,1705058509000
10110,CUST010,ORDER_PLACED,1705058510000
10111,CUST011,ORDER_PLACED,1705058511000
10112,CUST012,ORDER_PLACED,1705058512000
10113,CUST013,ORDER_PLACED,1705058513000
10114,CUST014,ORDER_PLACED,1705058514000
10115,CUST015,ORDER_PLACED,1705058515000
10116,CUST016,ORDER_PLACED,1705058516000
10117,CUST017,ORDER_PLACED,1705058517000
10118,CUST018,ORDER_PLACED,1705058518000
10119,CUST019,ORDER_PLACED,1705058519000
10120,CUST020,ORDER_PLACED,1705058520000
10121,CUST021,ORDER_PLACED,1705058521000
10122,CUST022,ORDER_PLACED,1705058522000
10123,CUST023,ORDER_PLACED,1705058523000
10124,CUST024,ORDER_PLACED,1705058524000
10125,CUST025,ORDER_PLACED,1705058525000
10126,CUST026,ORDER_PLACED,1705058526000
10127,CUST027,ORDER_PLACED,1705058527000
10128,CUST028,ORDER_PLACED,1705058528000
10129,CUST029,ORDER_PLACED,1705058529000
10130,CUST030,ORDER_PLACED,1705058530000
10131,CUST031,ORDER_PLACED,1705058531000
10132,CUST032,ORDER_PLACED,1705058532000
10133,CUST033,ORDER_PLACED,1705058533000
10134,CUST034,ORDER_PLACED,1705058534000
10135,CUST035,ORDER_PLACED,1705058535000
10136,CUST036,ORDER_PLACED,1705058536000
10137,CUST037,ORDER_PLACED,1705058537000
10138,CUST038,ORDER_PLACED,1705058538000
10139,CUST039,ORDER_PLACED,1705058539000
10140,CUST040,ORDER_PLACED,1705058540000
10141,CUST041,ORDER_PLACED,1705058541000
10142,CUST042,ORDER_PLACED,1705058542000
10143,CUST043,ORDER_PLACED,1705058543000
10144,CUST044,ORDER_PLACED,1705058544000
10145,CUST045,ORDER_PLACED,1705058545000
10146,CUST046,ORDER_PLACED,1705058546000
10147,CUST047,ORDER_PLACED,1705058547000
10148,CUST048,ORDER_PLACED,1705058548000
10149,CUST049,ORDER_PLACED,1705058549000
10150,CUST050,ORDER_PLACED,1705058550000
10151,CUST051,ORDER_PLACED,1705058551000
10152,CUST052,ORDER_PLACED,1705058552000
10153,CUST053,ORDER_PLACED,1705058553000
10154,CUST054,ORDER_PLACED,1705058554000
10155,CUST055,ORDER_PLACED,1705058555000
10156,CUST056,ORDER_PLACED,1705058556000
10157,CUST057,ORDER_PLACED,1705058557000
10158,CUST058,ORDER_PLACED,1705058558000
10159,CUST059,ORDER_PLACED,1705058559000
10160,CUST060,ORDER_PLACED,1705058560000
10161,CUST061,ORDER_PLACED,1705058561000
10162,CUST062,ORDER_PLACED,1705058562000
10163,CUST063,ORDER_PLACED,1705058563000
10164,CUST064,ORDER_PLACED,1705058564000
10165,CUST065,ORDER_PLACED,1705058565000
10166,CUST066,ORDER_PLACED,1705058566000
10167,CUST067,ORDER_PLACED,1705058567000
10168,CUST068,ORDER_PLACED,1705058568000
10169,CUST069,ORDER_PLACED,1705058569000
10170,CUST070,ORDER_PLACED,1705058570000
10171,CUST071,ORDER_PLACED,1705058571000
10172,CUST072,ORDER_PLACED,1705058572000
10173,CUST073,ORDER_PLACED,1705058573000
10174,CUST074,ORDER_PLACED,1705058574000
10175,CUST075,ORDER_PLACED,1705058575000
10176,CUST076,ORDER_PLACED,1705058576000
10177,CUST077,ORDER_PLACED,1705058577000
10178,CUST078,ORDER_PLACED,1705058578000
10179,CUST079,ORDER_PLACED,1705058579000
10180,CUST080,ORDER_PLACED,1705058580000
10181,CUST081,ORDER_PLACED,1705058581000
10182,CUST082,ORDER_PLACED,1705058582000
10183,CUST083,ORDER_PLACED,1705058583000
10184,CUST084,ORDER_PLACED,1705058584000
10185,CUST085,ORDER_PLACED,1705058585000
10186,CUST086,ORDER_PLACED,1705058586000
10187,CUST087,ORDER_PLACED,1705058587000
10188,CUST088,ORDER_PLACED,1705058588000
10189,CUST089,ORDER_PLACED,1705058589000
10190,CUST090,ORDER_PLACED,1705058590000
10191,CUST091,ORDER_PLACED,1705058591000
10192,CUST092,ORDER_PLACED,1705058592000
10193,CUST093,ORDER_PLACED,1705058593000
10194,CUST094,ORDER_PLACED,1705058594000
10195,CUST095,ORDER_PLACED,1705058595000
10196,CUST096,ORDER_PLACED,1705058596000
10197,CUST097,ORDER_PLACED,1705058597000
10198,CUST098,ORDER_PLACED,1705058598000
10199,CUST099,ORDER_PLACED,1705058599000
10200,CUST000,ORDER_PLACED,1705058600000
10201,CUST001,ORDER_PLACED,1705058601000
10202,CUST002,ORDER_PLACED,1705058602000
10203,CUST003,ORDER_PLACED,1705058603000
10204,CUST004,ORDER_PLACED,1705058604000
10205,CUST005,ORDER_PLACED,1705058605000
10206,CUST006,ORDER_PLACED,1705058606000
10207,CUST007,ORDER_PLACED,1705058607000
10208,CUST008,ORDER_PLACED,1705058608000
10209,CUST009,ORDER_PLACED,1705058609000
10210,CUST010,ORDER_PLACED,1705058610000
10211,CUST011,ORDER_PLACED,1705058611000
10212,CUST012,ORDER_PLACED,1705058612000
10213,CUST013,ORDER_PLACED,1705058613000
10214,CUST014,ORDER_PLACED,1705058614000
10215,CUST015,ORDER_PLACED,1705058615000
10216,CUST016,ORDER_PLACED,1705058616000
10217,CUST017,ORDER_PLACED,1705058617000
10218,CUST018,ORDER_PLACED,1705058618000
10219,CUST019,ORDER_PLACED,1705058619000
10220,CUST020,ORDER_PLACED,1705058620000
10221,CUST021,ORDER_PLACED,1705058621000
10222,CUST022,ORDER_PLACED,1705058622000
10223,CUST023,ORDER_PLACED,1705058623000
10224,CUST024,ORDER_PLACED,1705058624000
10225,CUST025,ORDER_PLACED,1705058625000
10226,CUST026,ORDER_PLACED,1705058626000
10227,CUST027,ORDER_PLACED,1705058627000
10228,CUST028,ORDER_PLACED,1705058628000
10229,CUST029,ORDER_PLACED,1705058629000
10230,CUST030,ORDER_PLACED,1705058630000
10231,CUST031,ORDER_PLACED,1705058631000
10232,CUST032,ORDER_PLACED,1705058632000
10233,CUST033,ORDER_PLACED,1705058633000
10234,CUST034,ORDER_PLACED,1705058634000
10235,CUST035,ORDER_PLACED,1705058635000
10236,CUST036,ORDER_PLACED,1705058636000
10237,CUST037,ORDER_PLACED,1705058637000
10238,CUST038,ORDER_PLACED,1705058638000
10239,CUST039,ORDER_PLACED,1705058639000
10240,CUST040,ORDER_PLACED,1705058640000
10241,CUST041,ORDER_PLACED,1705058641000
10242,CUST042,ORDER_PLACED,1705058642000
10243,CUST043,ORDER_PLACED,1705058643000
10244,CUST044,ORDER_PLACED,1705058644000
10245,CUST045,ORDER_PLACED,1705058645000
10246,CUST046,ORDER_PLACED,1705058646000
10247,CUST047,ORDER_PLACED,1705058647000
10248,CUST048,ORDER_PLACED,1705058648000
10249,CUST049,ORDER_PLACED,1705058649000
10250,CUST050,ORDER_PLACED,1705058650000
10251,CUST051,ORDER_PLACED,1705058651000
10252,CUST052,ORDER_PLACED,1705058652000
10253,CUST053,ORDER_PLACED,1705058653000
10254,CUST054,ORDER_PLACED,1705058654000
10255,CUST055,ORDER_PLACED,1705058655000
10256,CUST056,ORDER_PLACED,1705058656000
10257,CUST057,ORDER_PLACED,1705058657000
10258,CUST058,ORDER_PLACED,1705058658000
10259,CUST059,ORDER_PLACED,1705058659000
10260,CUST060,ORDER_PLACED,1705058660000
10261,CUST061,ORDER_PLACED,1705058661000
10262,CUST062,ORDER_PLACED,1705058662000
10263,CUST063,ORDER_PLACED,1705058663000
10264,CUST064,ORDER_PLACED,1705058664000
10265,CUST065,ORDER_PLACED,1705058665000
10266,CUST066,ORDER_PLACED,1705058666000
10267,CUST067,ORDER_PLACED,1705058667000
10268,CUST068,ORDER_PLACED,1705058668000
10269,CUST069,ORDER_PLACED,1705058669000
10270,CUST070,ORDER_PLACED,1705058670000
10271,CUST071,ORDER_PLACED,1705058671000
10272,CUST072,ORDER_PLACED,1705058672000
10273,CUST073,ORDER_PLACED,1705058673000
10274,CUST074,ORDER_PLACED,1705058674000
10275,CUST075,ORDER_PLACED,1705058675000
10276,CUST076,ORDER_PLACED,1705058676000
10277,CUST077,ORDER_PLACED,1705058677000
10278,CUST078,ORDER_PLACED,1705058678000
10279,CUST079,ORDER_PLACED,1705058679000
10280,CUST080,ORDER_PLACED,1705058680000
10281,CUST081,ORDER_PLACED,1705058681000
10282,CUST082,ORDER_PLACED,1705058682000
10283,CUST083,ORDER_PLACED,1705058683000
10284,CUST084,ORDER_PLACED,1705058684000
10285,CUST085,ORDER_PLACED,1705058685000
10286,CUST086,ORDER_PLACED,1705058686000
10287,CUST087,ORDER_PLACED,1705058687000
10288,CUST088,ORDER_PLACED,1705058688000
10289,CUST089,ORDER_PLACED,1705058689000
10290,CUST090,ORDER_PLACED,1705058690000
10291,CUST091,ORDER_PLACED,1705058691000
10292,CUST092,ORDER_PLACED,1705058692000
10293,CUST093,ORDER_PLACED,1705058693000
10294,CUST094,ORDER_PLACED,1705058694000
10295,CUST095,ORDER_PLACED,1705058695000
10296,CUST096,ORDER_PLACED,1705058696000
10297,CUST097,ORDER_PLACED,1705058697000
10298,CUST098,ORDER_PLACED,1705058698000
10299,CUST099,ORDER_PLACED,1705058699000
10300,CUST000,ORDER_PLACED,1705058700000
10301,CUST001,ORDER_PLACED,1705058701000
10302,CUST002,ORDER_PLACED,1705058702000
10303,CUST003,ORDER_PLACED,1705058703000
10304,CUST004,ORDER_PLACED,1705058704000
10305,CUST005,ORDER_PLACED,1705058705000
10306,CUST006,ORDER_PLACED,1705058706000
10307,CUST007,ORDER_PLACED,1705058707000
10308,CUST008,ORDER_PLACED,1705058708000
10309,CUST009,ORDER_PLACED,1705058709000
10310,CUST010,ORDER_PLACED,1705058710000
10311,CUST011,ORDER_PLACED,1705058711000
10312,CUST012,ORDER_PLACED,1705058712000
10313,CUST013,ORDER_PLACED,1705058713000
10314,CUST014,ORDER_PLACED,1705058714000
10315,CUST015,ORDER_PLACED,1705058715000
10316,CUST016,ORDER_PLACED,1705058716000
10317,CUST017,ORDER_PLACED,1705058717000
10318,CUST018,ORDER_PLACED,1705058718000
10319,CUST019,ORDER_PLACED,1705058719000
10320,CUST020,ORDER_PLACED,1705058720000
10321,CUST021,ORDER_PLACED,1705058721000
10322,CUST022,ORDER_PLACED,1705058722000
10323,CUST023,ORDER_PLACED,1705058723000
10324,CUST024,ORDER_PLACED,1705058724000
10325,CUST025,ORDER_PLACED,1705058725000
10326,CUST026,ORDER_PLACED,1705058726000
10327,CUST027,ORDER_PLACED,1705058727000
10328,CUST028,ORDER_PLACED,1705058728000
10329,CUST029,ORDER_PLACED,1705058729000
10330,CUST030,ORDER_PLACED,1705058730000
10331,CUST031,ORDER_PLACED,1705058731000
10332,CUST032,ORDER_PLACED,1705058732000
10333,CUST033,ORDER_PLACED,1705058733000
10334,CUST034,ORDER_PLACED,1705058734000
10335,CUST035,ORDER_PLACED,1705058735000
10336,CUST036,ORDER_PLACED,1705058736000
10337,CUST037,ORDER_PLACED,1705058737000
10338,CUST038,ORDER_PLACED,1705058738000
10339,CUST039,ORDER_PLACED,1705058739000
10340,CUST040,ORDER_PLACED,1705058740000
10341,CUST041,ORDER_PLACED,1705058741000
10342,CUST042,ORDER_PLACED,1705058742000
10343,CUST043,ORDER_PLACED,1705058743000
10344,CUST044,ORDER_PLACED,1705058744000
10345,CUST045,ORDER_PLACED,1705058745000
10346,CUST046,ORDER_PLACED,1705058746000
10347,CUST047,ORDER_PLACED,1705058747000
10348,CUST048,ORDER_PLACED,1705058748000
10349,CUST049,ORDER_PLACED,1705058749000
10350,CUST050,ORDER_PLACED,1705058750000
10351,CUST051,ORDER_PLACED,1705058751000
10352,CUST052,ORDER_PLACED,1705058752000
10353,CUST053,ORDER_PLACED,1705058753000
10354,CUST054,ORDER_PLACED,1705058754000
10355,CUST055,ORDER_PLACED,1705058755000
10356,CUST056,ORDER_PLACED,1705058756000
10357,CUST057,ORDER_PLACED,1705058757000
10358,CUST058,ORDER_PLACED,1705058758000
10359,CUST059,ORDER_PLACED,1705058759000
10360,CUST060,ORDER_PLACED,1705058760000
10361,CUST061,ORDER_PLACED,1705058761000
10362,CUST062,ORDER_PLACED,1705058762000
10363,CUST063,ORDER_PLACED,1705058763000
10364,CUST064,ORDER_PLACED,1705058764000
10365,CUST065,ORDER_PLACED,1705058765000
10366,CUST066,ORDER_PLACED,1705058766000
10367,CUST067,ORDER_PLACED,1705058767000
10368,CUST068,ORDER_PLACED,1705058768000
10369,CUST069,ORDER_PLACED,1705058769000
10370,CUST070,ORDER_PLACED,1705058770000
10371,CUST071,ORDER_PLACED,1705058771000
10372,CUST072,ORDER_PLACED,1705058772000
10373,CUST073,ORDER_PLACED,1705058773000
10374,CUST074,ORDER_PLACED,1705058774000
10375,CUST075,ORDER_PLACED,1705058775000
10376,CUST076,ORDER_PLACED,1705058776000
10377,CUST077,ORDER_PLACED,1705058777000
10378,CUST078,ORDER_PLACED,1705058778000
10379,CUST079,ORDER_PLACED,1705058779000
10380,CUST080,ORDER_PLACED,1705058780000
10381,CUST081,ORDER_PLACED,1705058781000
10382,CUST082,ORDER_PLACED,1705058782000
10383,CUST083,ORDER_PLACED,1705058783000
10384,CUST084,ORDER_PLACED,1705058784000
10385,CUST085,ORDER_PLACED,1705058785000
10386,CUST086,ORDER_PLACED,1705058786000
10387,CUST087,ORDER_PLACED,1705058787000
10388,CUST088,ORDER_PLACED,1705058788000
10389,CUST089,ORDER_PLACED,1705058789000
10390,CUST090,ORDER_PLACED,1705058790000
10391,CUST091,ORDER_PLACED,1705058791000
10392,CUST092,ORDER_PLACED,1705058792000
10393,CUST093,ORDER_PLACED,1705058793000
10394,CUST094,ORDER_PLACED,1705058794000
10395,CUST095,ORDER_PLACED,1705058795000
10396,CUST096,ORDER_PLACED,1705058796000
10397,CUST097,ORDER_PLACED,1705058797000
10398,CUST098,ORDER_PLACED,1705058798000
10399,CUST099,ORDER_PLACED,1705058799000
10400,CUST000,ORDER_PLACED,1705058800000
10401,CUST001,ORDER_PLACED,1705058801000
10402,CUST002,ORDER_PLACED,1705058802000
10403,CUST003,ORDER_PLACED,1705058803000
10404,CUST004,ORDER_PLACED,1705058804000
10405,CUST005,ORDER_PLACED,1705058805000
10406,CUST006,ORDER_PLACED,1705058806000
10407,CUST007,ORDER_PLACED,1705058807000
10408,CUST008,ORDER_PLACED,1705058808000
10409,CUST009,ORDER_PLACED,1705058809000
10410,CUST010,ORDER_PLACED,1705058810000
10411,CUST011,ORDER_PLACED,1705058811000
10412,CUST012,ORDER_PLACED,1705058812000
10413,CUST013,ORDER_PLACED,1705058813000
10414,CUST014,ORDER_PLACED,1705058814000
10415,CUST015,ORDER_PLACED,1705058815000
10416,CUST016,ORDER_PLACED,1705058816000
10417,CUST017,ORDER_PLACED,1705058817000
10418,CUST018,ORDER_PLACED,1705058818000
10419,CUST019,ORDER_PLACED,1705058819000
10420,CUST020,ORDER_PLACED,1705058820000
10421,CUST021,ORDER_PLACED,1705058821000
10422,CUST022,ORDER_PLACED,1705058822000
10423,CUST023,ORDER_PLACED,1705058823000
10424,CUST024,ORDER_PLACED,1705058824000
10425,CUST025,ORDER_PLACED,1705058825000
10426,CUST026,ORDER_PLACED,1705058826000
10427,CUST027,ORDER_PLACED,1705058827000
10428,CUST028,ORDER_PLACED,1705058828000
10429,CUST029,ORDER_PLACED,1705058829000
10430,CUST030,ORDER_PLACED,1705058830000
10431,CUST031,ORDER_PLACED,1705058831000
10432,CUST032,ORDER_PLACED,1705058832000
10433,CUST033,ORDER_PLACED,1705058833000
10434,CUST034,ORDER_PLACED,1705058834000
10435,CUST035,ORDER_PLACED,1705058835000
10436,CUST036,ORDER_PLACED,1705058836000
10437,CUST037,ORDER_PLACED,1705058837000
10438,CUST038,ORDER_PLACED,1705058838000
10439,CUST039,ORDER_PLACED,1705058839000
10440,CUST040,ORDER_PLACED,1705058840000
10441,CUST041,ORDER_PLACED,1705058841000
10442,CUST042,ORDER_PLACED,1705058842000
10443,CUST043,ORDER_PLACED,1705058843000
10444,CUST044,ORDER_PLACED,1705058844000
10445,CUST045,ORDER_PLACED,1705058845000
10446,CUST046,ORDER_PLACED,1705058846000
10447,CUST047,ORDER_PLACED,1705058847000
10448,CUST048,ORDER_PLACED,1705058848000
10449,CUST049,ORDER_PLACED,1705058849000
10450,CUST050,ORDER_PLACED,1705058850000
10451,CUST051,ORDER_PLACED,1705058851000
10452,CUST052,ORDER_PLACED,1705058852000
10453,CUST053,ORDER_PLACED,1705058853000
10454,CUST054,ORDER_PLACED,1705058854000
10455,CUST055,ORDER_PLACED,1705058855000
10456,CUST056,ORDER_PLACED,1705058856000
10457,CUST057,ORDER_PLACED,1705058857000
10458,CUST058,ORDER_PLACED,1705058858000
10459,CUST059,ORDER_PLACED,1705058859000
10460,CUST060,ORDER_PLACED,1705058860000
10461,CUST061,ORDER_PLACED,1705058861000
10462,CUST062,ORDER_PLACED,1705058862000
10463,CUST063,ORDER_PLACED,1705058863000
10464,CUST064,ORDER_PLACED,1705058864000
10465,CUST065,ORDER_PLACED,1705058865000
10466,CUST066,ORDER_PLACED,1705058866000
10467,CUST067,ORDER_PLACED,1705058867000
10468,CUST068,ORDER_PLACED,1705058868000
10469,CUST069,ORDER_PLACED,1705058869000
10470,CUST070,ORDER_PLACED,1705058870000
10471,CUST071,ORDER_PLACED,1705058871000
10472,CUST072,ORDER_PLACED,1705058872000
10473,CUST073,ORDER_PLACED,1705058873000
10474,CUST074,ORDER_PLACED,1705058874000
10475,CUST075,ORDER_PLACED,1705058875000
10476,CUST076,ORDER_PLACED,1705058876000
10477,CUST077,ORDER_PLACED,1705058877000
10478,CUST078,ORDER_PLACED,1705058878000
10479,CUST079,ORDER_PLACED,1705058879000
10480,CUST080,ORDER_PLACED,1705058880000
10481,CUST081,ORDER_PLACED,1705058881000
10482,CUST082,ORDER_PLACED,1705058882000
10483,CUST083,ORDER_PLACED,1705058883000
10484,CUST084,ORDER_PLACED,1705058884000
10485,CUST085,ORDER_PLACED,1705058885000
10486,CUST086,ORDER_PLACED,1705058886000
10487,CUST087,ORDER_PLACED,1705058887000
10488,CUST088,ORDER_PLACED,1705058888000
10489,CUST089,ORDER_PLACED,1705058889000
10490,CUST090,ORDER_PLACED,1705058890000
10491,CUST091,ORDER_PLACED,1705058891000
10492,CUST092,ORDER_PLACED,1705058892000
10493,CUST093,ORDER_PLACED,1705058893000
10494,CUST094,ORDER_PLACED,1705058894000
10495,CUST095,ORDER_PLACED,1705058895000
10496,CUST096,ORDER_PLACED,1705058896000
10497,CUST097,ORDER_PLACED,1705058897000
10498,CUST098,ORDER_PLACED,1705058898000
10499,CUST099,ORDER_PLACED,1705058899000
10500,CUST000,ORDER_PLACED,1705058900000
10501,CUST001,ORDER_PLACED,1705058901000
10502,CUST002,ORDER_PLACED,1705058902000
10503,CUST003,ORDER_PLACED,1705058903000
10504,CUST004,ORDER_PLACED,1705058904000
10505,CUST005,ORDER_PLACED,1705058905000
10506,CUST006,ORDER_PLACED,1705058906000
10507,CUST007,ORDER_PLACED,1705058907000
10508,CUST008,ORDER_PLACED,1705058908000
10509,CUST009,ORDER_PLACED,1705058909000
10510,CUST010,ORDER_PLACED,1705058910000
10511,CUST011,ORDER_PLACED,1705058911000
10512,CUST012,ORDER_PLACED,1705058912000
10513,CUST013,ORDER_PLACED,1705058913000
10514,CUST014,ORDER_PLACED,1705058914000
10515,CUST015,ORDER_PLACED,1705058915000
10516,CUST016,ORDER_PLACED,1705058916000
10517,CUST017,ORDER_PLACED,1705058917000
10518,CUST018,ORDER_PLACED,1705058918000
10519,CUST019,ORDER_PLACED,1705058919000
10520,CUST020,ORDER_PLACED,1705058920000
10521,CUST021,ORDER_PLACED,1705058921000
10522,CUST022,ORDER_PLACED,1705058922000
10523,CUST023,ORDER_PLACED,1705058923000
10524,CUST024,ORDER_PLACED,1705058924000
10525,CUST025,ORDER_PLACED,1705058925000
10526,CUST026,ORDER_PLACED,1705058926000
10527,CUST027,ORDER_PLACED,1705058927000
10528,CUST028,ORDER_PLACED,1705058928000
10529,CUST029,ORDER_PLACED,1705058929000
10530,CUST030,ORDER_PLACED,1705058930000
10531,CUST031,ORDER_PLACED,1705058931000
10532,CUST032,ORDER_PLACED,1705058932000
10533,CUST033,ORDER_PLACED,1705058933000
10534,CUST034,ORDER_PLACED,1705058934000
10535,CUST035,ORDER_PLACED,1705058935000
10536,CUST036,ORDER_PLACED,1705058936000
10537,CUST037,ORDER_PLACED,1705058937000
10538,CUST038,ORDER_PLACED,1705058938000
10539,CUST039,ORDER_PLACED,1705058939000
10540,CUST040,ORDER_PLACED,1705058940000
10541,CUST041,ORDER_PLACED,1705058941000
10542,CUST042,ORDER_PLACED,1705058942000
10543,CUST043,ORDER_PLACED,1705058943000
10544,CUST044,ORDER_PLACED,1705058944000
10545,CUST045,ORDER_PLACED,1705058945000
10546,CUST046,ORDER_PLACED,1705058946000
10547,CUST047,ORDER_PLACED,1705058947000
10548,CUST048,ORDER_PLACED,1705058948000
10549,CUST049,ORDER_PLACED,1705058949000
10550,CUST050,ORDER_PLACED,1705058950000
10551,CUST051,ORDER_PLACED,1705058951000
10552,CUST052,ORDER_PLACED,1705058952000
10553,CUST053,ORDER_PLACED,1705058953000
10554,CUST054,ORDER_PLACED,1705058954000
10555,CUST055,ORDER_PLACED,1705058955000
10556,CUST056,ORDER_PLACED,1705058956000
10557,CUST057,ORDER_PLACED,1705058957000
10558,CUST058,ORDER_PLACED,1705058958000
10559,CUST059,ORDER_PLACED,1705058959000
10560,CUST060,ORDER_PLACED,1705058960000
10561,CUST061,ORDER_PLACED,1705058961000
10562,CUST062,ORDER_PLACED,1705058962000
10563,CUST063,ORDER_PLACED,1705058963000
10564,CUST064,ORDER_PLACED,1705058964000
10565,CUST065,ORDER_PLACED,1705058965000
10566,CUST066,ORDER_PLACED,1705058966000
10567,CUST067,ORDER_PLACED,1705058967000
10568,CUST068,ORDER_PLACED,1705058968000
10569,CUST069,ORDER_PLACED,1705058969000
10570,CUST070,ORDER_PLACED,1705058970000
10571,CUST071,ORDER_PLACED,1705058971000
10572,CUST072,ORDER_PLACED,1705058972000
10573,CUST073,ORDER_PLACED,1705058973000
10574,CUST074,ORDER_PLACED,1705058974000
10575,CUST075,ORDER_PLACED,1705058975000
10576,CUST076,ORDER_PLACED,1705058976000
10577,CUST077,ORDER_PLACED,1705058977000
10578,CUST078,ORDER_PLACED,1705058978000
10579,CUST079,ORDER_PLACED,1705058979000
10580,CUST080,ORDER_PLACED,1705058980000
10581,CUST081,ORDER_PLACED,1705058981000
10582,CUST082,ORDER_PLACED,1705058982000
10583,CUST083,ORDER_PLACED,1705058983000
10584,CUST084,ORDER_PLACED,1705058984000
10585,CUST085,ORDER_PLACED,1705058985000
10586,CUST086,ORDER_PLACED,1705058986000
10587,CUST087,ORDER_PLACED,1705058987000
10588,CUST088,ORDER_PLACED,1705058988000
10589,CUST089,ORDER_PLACED,1705058989000
10590,CUST090,ORDER_PLACED,1705058990000
10591,CUST091,ORDER_PLACED,1705058991000
10592,CUST092,ORDER_PLACED,1705058992000
10593,CUST093,ORDER_PLACED,1705058993000
10594,CUST094,ORDER_PLACED,1705058994000
10595,CUST095,ORDER_PLACED,1705058995000
10596,CUST096,ORDER_PLACED,1705058996000
10597,CUST097,ORDER_PLACED,1705058997000
10598,CUST098,ORDER_PLACED,1705058998000
10599,CUST099,ORDER_PLACED,1705058999000
10600,CUST000,ORDER_PLACED,1705059000000
10601,CUST001,ORDER_PLACED,1705059001000
10602,CUST002,ORDER_PLACED,1705059002000
10603,CUST003,ORDER_PLACED,1705059003000
10604,CUST004,ORDER_PLACED,1705059004000
10605,CUST005,ORDER_PLACED,1705059005000
10606,CUST006,ORDER_PLACED,1705059006000
10607,CUST007,ORDER_PLACED,1705059007000
10608,CUST008,ORDER_PLACED,1705059008000
10609,CUST009,ORDER_PLACED,1705059009000
10610,CUST010,ORDER_PLACED,1705059010000
10611,CUST011,ORDER_PLACED,1705059011000
10612,CUST012,ORDER_PLACED,1705059012000
10613,CUST013,ORDER_PLACED,1705059013000
10614,CUST014,ORDER_PLACED,1705059014000
10615,CUST015,ORDER_PLACED,1705059015000
10616,CUST016,ORDER_PLACED,1705059016000
10617,CUST017,ORDER_PLACED,1705059017000
10618,CUST018,ORDER_PLACED,1705059018000
10619,CUST019,ORDER_PLACED,1705059019000
10620,CUST020,ORDER_PLACED,1705059020000
10621,CUST021,ORDER_PLACED,1705059021000
10622,CUST022,ORDER_PLACED,1705059022000
10623,CUST023,ORDER_PLACED,1705059023000
10624,CUST024,ORDER_PLACED,1705059024000
10625,CUST025,ORDER_PLACED,1705059025000
10626,CUST026,ORDER_PLACED,1705059026000
10627,CUST027,ORDER_PLACED,1705059027000
10628,CUST028,ORDER_PLACED,1705059028000
10629,CUST029,ORDER_PLACED,1705059029000
10630,CUST030,ORDER_PLACED,1705059030000
10631,CUST031,ORDER_PLACED,1705059031000
10632,CUST032,ORDER_PLACED,1705059032000
10633,CUST033,ORDER_PLACED,1705059033000
10634,CUST034,ORDER_PLACED,1705059034000
10635,CUST035,ORDER_PLACED,1705059035000
10636,CUST036,ORDER_PLACED,1705059036000
10637,CUST037,ORDER_PLACED,1705059037000
10638,CUST038,ORDER_PLACED,1705059038000
10639,CUST039,ORDER_PLACED,1705059039000
10640,CUST040,ORDER_PLACED,1705059040000
10641,CUST041,ORDER_PLACED,1705059041000
10642,CUST042,ORDER_PLACED,1705059042000
10643,CUST043,ORDER_PLACED,1705059043000
10644,CUST044,ORDER_PLACED,1705059044000
10645,CUST045,ORDER_PLACED,1705059045000
10646,CUST046,ORDER_PLACED,1705059046000
10647,CUST047,ORDER_PLACED,1705059047000
10648,CUST048,ORDER_PLACED,1705059048000
10649,CUST049,ORDER_PLACED,1705059049000
10650,CUST050,ORDER_PLACED,1705059050000
10651,CUST051,ORDER_PLACED,1705059051000
10652,CUST052,ORDER_PLACED,1705059052000
10653,CUST053,ORDER_PLACED,1705059053000
10654,CUST054,ORDER_PLACED,1705059054000
10655,CUST055,ORDER_PLACED,1705059055000
10656,CUST056,ORDER_PLACED,1705059056000
10657,CUST057,ORDER_PLACED,1705059057000
10658,CUST058,ORDER_PLACED,1705059058000
10659,CUST059,ORDER_PLACED,1705059059000
10660,CUST060,ORDER_PLACED,1705059060000
10661,CUST061,ORDER_PLACED,1705059061000
10662,CUST062,ORDER_PLACED,1705059062000
10663,CUST063,ORDER_PLACED,1705059063000
10664,CUST064,ORDER_PLACED,1705059064000
10665,CUST065,ORDER_PLACED,1705059065000
10666,CUST066,ORDER_PLACED,1705059066000
10667,CUST067,ORDER_PLACED,1705059067000
10668,CUST068,ORDER_PLACED,1705059068000
10669,CUST069,ORDER_PLACED,1705059069000
10670,CUST070,ORDER_PLACED,1705059070000
10671,CUST071,ORDER_PLACED,1705059071000
10672,CUST072,ORDER_PLACED,1705059072000
10673,CUST073,ORDER_PLACED,1705059073000
10674,CUST074,ORDER_PLACED,1705059074000
10675,CUST075,ORDER_PLACED,1705059075000
10676,CUST076,ORDER_PLACED,1705059076000
10677,CUST077,ORDER_PLACED,1705059077000
10678,CUST078,ORDER_PLACED,1705059078000
10679,CUST079,ORDER_PLACED,1705059079000
10680,CUST080,ORDER_PLACED,1705059080000
10681,CUST081,ORDER_PLACED,1705059081000
10682,CUST082,ORDER_PLACED,1705059082000
10683,CUST083,ORDER_PLACED,1705059083000
10684,CUST084,ORDER_PLACED,1705059084000
10685,CUST085,ORDER_PLACED,1705059085000
10686,CUST086,ORDER_PLACED,1705059086000
10687,CUST087,ORDER_PLACED,1705059087000
10688,CUST088,ORDER_PLACED,1705059088000
10689,CUST089,ORDER_PLACED,1705059089000
10690,CUST090,ORDER_PLACED,1705059090000
10691,CUST091,ORDER_PLACED,1705059091000
10692,CUST092,ORDER_PLACED,1705059092000
10693,CUST093,ORDER_PLACED,1705059093000
10694,CUST094,ORDER_PLACED,1705059094000
10695,CUST095,ORDER_PLACED,1705059095000
10696,CUST096,ORDER_PLACED,1705059096000
10697,CUST097,ORDER_PLACED,1705059097000
10698,CUST098,ORDER_PLACED,1705059098000
10699,CUST099,ORDER_PLACED,1705059099000
10700,CUST000,ORDER_PLACED,1705059100000
10701,CUST001,ORDER_PLACED,1705059101000
10702,CUST002,ORDER_PLACED,1705059102000
10703,CUST003,ORDER_PLACED,1705059103000
10704,CUST004,ORDER_PLACED,1705059104000
10705,CUST005,ORDER_PLACED,1705059105000
10706,CUST006,ORDER_PLACED,1705059106000
10707,CUST007,ORDER_PLACED,1705059107000
10708,CUST008,ORDER_PLACED,1705059108000
10709,CUST009,ORDER_PLACED,1705059109000
10710,CUST010,ORDER_PLACED,1705059110000
10711,CUST011,ORDER_PLACED,1705059111000
10712,CUST012,ORDER_PLACED,1705059112000
10713,CUST013,ORDER_PLACED,1705059113000
10714,CUST014,ORDER_PLACED,1705059114000
10715,CUST015,ORDER_PLACED,1705059115000
10716,CUST016,ORDER_PLACED,1705059116000
10717,CUST017,ORDER_PLACED,1705059117000
10718,CUST018,ORDER_PLACED,1705059118000
10719,CUST019,ORDER_PLACED,1705059119000
10720,CUST020,ORDER_PLACED,1705059120000
10721,CUST021,ORDER_PLACED,1705059121000
10722,CUST022,ORDER_PLACED,1705059122000
10723,CUST023,ORDER_PLACED,1705059123000
10724,CUST024,ORDER_PLACED,1705059124000
10725,CUST025,ORDER_PLACED,1705059125000
10726,CUST026,ORDER_PLACED,1705059126000
10727,CUST027,ORDER_PLACED,1705059127000
10728,CUST028,ORDER_PLACED,1705059128000
10729,CUST029,ORDER_PLACED,1705059129000
10730,CUST030,ORDER_PLACED,1705059130000
10731,CUST031,ORDER_PLACED,1705059131000
10732,CUST032,ORDER_PLACED,1705059132000
10733,CUST033,ORDER_PLACED,1705059133000
10734,CUST034,ORDER_PLACED,1705059134000
10735,CUST035,ORDER_PLACED,1705059135000
10736,CUST036,ORDER_PLACED,1705059136000
10737,CUST037,ORDER_PLACED,1705059137000
10738,CUST038,ORDER_PLACED,1705059138000
10739,CUST039,ORDER_PLACED,1705059139000
10740,CUST040,ORDER_PLACED,1705059140000
10741,CUST041,ORDER_PLACED,1705059141000
10742,CUST042,ORDER_PLACED,1705059142000
10743,CUST043,ORDER_PLACED,1705059143000
10744,CUST044,ORDER_PLACED,1705059144000
10745,CUST045,ORDER_PLACED,1705059145000
10746,CUST046,ORDER_PLACED,1705059146000
10747,CUST047,ORDER_PLACED,1705059147000
10748,CUST048,ORDER_PLACED,1705059148000
10749,CUST049,ORDER_PLACED,1705059149000
10750,CUST050,ORDER_PLACED,1705059150000
10751,CUST051,ORDER_PLACED,1705059151000
10752,CUST052,ORDER_PLACED,1705059152000
10753,CUST053,ORDER_PLACED,1705059153000
10754,CUST054,ORDER_PLACED,1705059154000
10755,CUST055,ORDER_PLACED,1705059155000
10756,CUST056,ORDER_PLACED,1705059156000
10757,CUST057,ORDER_PLACED,1705059157000
10758,CUST058,ORDER_PLACED,1705059158000
10759,CUST059,ORDER_PLACED,1705059159000
10760,CUST060,ORDER_PLACED,1705059160000
10761,CUST061,ORDER_PLACED,1705059161000
10762,CUST062,ORDER_PLACED,1705059162000
10763,CUST063,ORDER_PLACED,1705059163000
10764,CUST064,ORDER_PLACED,1705059164000
10765,CUST065,ORDER_PLACED,1705059165000
10766,CUST066,ORDER_PLACED,1705059166000
10767,CUST067,ORDER_PLACED,1705059167000
10768,CUST068,ORDER_PLACED,1705059168000
10769,CUST069,ORDER_PLACED,1705059169000
10770,CUST070,ORDER_PLACED,1705059170000
10771,CUST071,ORDER_PLACED,1705059171000
10772,CUST072,ORDER_PLACED,1705059172000
10773,CUST073,ORDER_PLACED,1705059173000
10774,CUST074,ORDER_PLACED,1705059174000
10775,CUST075,ORDER_PLACED,1705059175000
10776,CUST076,ORDER_PLACED,1705059176000
10777,CUST077,ORDER_PLACED,1705059177000
10778,CUST078,ORDER_PLACED,1705059178000
10779,CUST079,ORDER_PLACED,1705059179000
10780,CUST080,ORDER_PLACED,1705059180000
10781,CUST081,ORDER_PLACED,1705059181000
10782,CUST082,ORDER_PLACED,1705059182000
10783,CUST083,ORDER_PLACED,1705059183000
10784,CUST084,ORDER_PLACED,1705059184000
10785,CUST085,ORDER_PLACED,1705059185000
10786,CUST086,ORDER_PLACED,1705059186000
10787,CUST087,ORDER_PLACED,1705059187000
10788,CUST088,ORDER_PLACED,1705059188000
10789,CUST089,ORDER_PLACED,1705059189000
10790,CUST090,ORDER_PLACED,1705059190000
10791,CUST091,ORDER_PLACED,1705059191000
10792,CUST092,ORDER_PLACED,1705059192000
10793,CUST093,ORDER_PLACED,1705059193000
10794,CUST094,ORDER_PLACED,1705059194000
10795,CUST095,ORDER_PLACED,1705059195000
10796,CUST096,ORDER_PLACED,1705059196000
10797,CUST097,ORDER_PLACED,1705059197000
10798,CUST098,ORDER_PLACED,1705059198000
10799,CUST099,ORDER_PLACED,1705059199000
10800,CUST000,ORDER_PLACED,1705059200000
10801,CUST001,ORDER_PLACED,1705059201000
10802,CUST002,ORDER_PLACED,1705059202000
10803,CUST003,ORDER_PLACED,1705059203000
10804,CUST004,ORDER_PLACED,1705059204000
10805,CUST005,ORDER_PLACED,1705059205000
10806,CUST006,ORDER_PLACED,1705059206000
10807,CUST007,ORDER_PLACED,1705059207000
10808,CUST008,ORDER_PLACED,1705059208000
10809,CUST009,ORDER_PLACED,1705059209000
10810,CUST010,ORDER_PLACED,1705059210000
10811,CUST011,ORDER_PLACED,1705059211000
10812,CUST012,ORDER_PLACED,1705059212000
10813,CUST013,ORDER_PLACED,1705059213000
10814,CUST014,ORDER_PLACED,1705059214000
10815,CUST015,ORDER_PLACED,1705059215000
10816,CUST016,ORDER_PLACED,1705059216000
10817,CUST017,ORDER_PLACED,1705059217000
10818,CUST018,ORDER_PLACED,1705059218000
10819,CUST019,ORDER_PLACED,1705059219000
10820,CUST020,ORDER_PLACED,1705059220000
10821,CUST021,ORDER_PLACED,1705059221000
10822,CUST022,ORDER_PLACED,1705059222000
10823,CUST023,ORDER_PLACED,1705059223000
10824,CUST024,ORDER_PLACED,1705059224000
10825,CUST025,ORDER_PLACED,1705059225000
10826,CUST026,ORDER_PLACED,1705059226000
10827,CUST027,ORDER_PLACED,1705059227000
10828,CUST028,ORDER_PLACED,1705059228000
10829,CUST029,ORDER_PLACED,1705059229000
10830,CUST030,ORDER_PLACED,1705059230000
10831,CUST031,ORDER_PLACED,1705059231000
10832,CUST032,ORDER_PLACED,1705059232000
10833,CUST033,ORDER_PLACED,1705059233000
10834,CUST034,ORDER_PLACED,1705059234000
10835,CUST035,ORDER_PLACED,1705059235000
10836,CUST036,ORDER_PLACED,1705059236000
10837,CUST037,ORDER_PLACED,1705059237000
10838,CUST038,ORDER_PLACED,1705059238000
10839,CUST039,ORDER_PLACED,1705059239000
10840,CUST040,ORDER_PLACED,1705059240000
10841,CUST041,ORDER_PLACED,1705059241000
10842,CUST042,ORDER_PLACED,1705059242000
10843,CUST043,ORDER_PLACED,1705059243000
10844,CUST044,ORDER_PLACED,1705059244000
10845,CUST045,ORDER_PLACED,1705059245000
10846,CUST046,ORDER_PLACED,1705059246000
10847,CUST047,ORDER_PLACED,1705059247000
10848,CUST048,ORDER_PLACED,1705059248000
10849,CUST049,ORDER_PLACED,1705059249000
10850,CUST050,ORDER_PLACED,1705059250000
10851,CUST051,ORDER_PLACED,1705059251000
10852,CUST052,ORDER_PLACED,1705059252000
10853,CUST053,ORDER_PLACED,1705059253000
10854,CUST054,ORDER_PLACED,1705059254000
10855,CUST055,ORDER_PLACED,1705059255000
10856,CUST056,ORDER_PLACED,1705059256000
10857,CUST057,ORDER_PLACED,1705059257000
10858,CUST058,ORDER_PLACED,1705059258000
10859,CUST059,ORDER_PLACED,1705059259000
10860,CUST060,ORDER_PLACED,1705059260000
10861,CUST061,ORDER_PLACED,1705059261000
10862,CUST062,ORDER_PLACED,1705059262000
10863,CUST063,ORDER_PLACED,1705059263000
10864,CUST064,ORDER_PLACED,1705059264000
10865,CUST065,ORDER_PLACED,1705059265000
10866,CUST066,ORDER_PLACED,1705059266000
10867,CUST067,ORDER_PLACED,1705059267000
10868,CUST068,ORDER_PLACED,1705059268000
10869,CUST069,ORDER_PLACED,1705059269000
10870,CUST070,ORDER_PLACED,1705059270000
10871,CUST071,ORDER_PLACED,1705059271000
10872,CUST072,ORDER_PLACED,1705059272000
10873,CUST073,ORDER_PLACED,1705059273000
10874,CUST074,ORDER_PLACED,1705059274000
10875,CUST075,ORDER_PLACED,1705059275000
10876,CUST076,ORDER_PLACED,1705059276000
10877,CUST077,ORDER_PLACED,1705059277000
10878,CUST078,ORDER_PLACED,1705059278000
10879,CUST079,ORDER_PLACED,1705059279000
10880,CUST080,ORDER_PLACED,1705059280000
10881,CUST081,ORDER_PLACED,1705059281000
10882,CUST082,ORDER_PLACED,1705059282000
10883,CUST083,ORDER_PLACED,1705059283000
10884,CUST084,ORDER_PLACED,1705059284000
10885,CUST085,ORDER_PLACED,1705059285000
10886,CUST086,ORDER_PLACED,1705059286000
10887,CUST087,ORDER_PLACED,1705059287000
10888,CUST088,ORDER_PLACED,1705059288000
10889,CUST089,ORDER_PLACED,1705059289000
10890,CUST090,ORDER_PLACED,1705059290000
10891,CUST091,ORDER_PLACED,1705059291000
10892,CUST092,ORDER_PLACED,1705059292000
10893,CUST093,ORDER_PLACED,1705059293000
10894,CUST094,ORDER_PLACED,1705059294000
10895,CUST095,ORDER_PLACED,1705059295000
10896,CUST096,ORDER_PLACED,1705059296000
10897,CUST097,ORDER_PLACED,1705059297000
10898,CUST098,ORDER_PLACED,1705059298000
10899,CUST099,ORDER_PLACED,1705059299000
10900,CUST000,ORDER_PLACED,1705059300000
10901,CUST001,ORDER_PLACED,1705059301000
10902,CUST002,ORDER_PLACED,1705059302000
10903,CUST003,ORDER_PLACED,1705059303000
10904,CUST004,ORDER_PLACED,1705059304000
10905,CUST005,ORDER_PLACED,1705059305000
10906,CUST006,ORDER_PLACED,1705059306000
10907,CUST007,ORDER_PLACED,1705059307000
10908,CUST008,ORDER_PLACED,1705059308000
10909,CUST009,ORDER_PLACED,1705059309000
10910,CUST010,ORDER_PLACED,1705059310000
10911,CUST011,ORDER_PLACED,1705059311000
10912,CUST012,ORDER_PLACED,1705059312000
10913,CUST013,ORDER_PLACED,1705059313000
10914,CUST014,ORDER_PLACED,1705059314000
10915,CUST015,ORDER_PLACED,1705059315000
10916,CUST016,ORDER_PLACED,1705059316000
10917,CUST017,ORDER_PLACED,1705059317000
10918,CUST018,ORDER_PLACED,1705059318000
10919,CUST019,ORDER_PLACED,1705059319000
10920,CUST020,ORDER_PLACED,1705059320000
10921,CUST021,ORDER_PLACED,1705059321000
10922,CUST022,ORDER_PLACED,1705059322000
10923,CUST023,ORDER_PLACED,1705059323000
10924,CUST024,ORDER_PLACED,1705059324000
10925,CUST025,ORDER_PLACED,1705059325000
10926,CUST026,ORDER_PLACED,1705059326000
10927,CUST027,ORDER_PLACED,1705059327000
10928,CUST028,ORDER_PLACED,1705059328000
10929,CUST029,ORDER_PLACED,1705059329000
10930,CUST030,ORDER_PLACED,1705059330000
10931,CUST031,ORDER_PLACED,1705059331000
10932,CUST032,ORDER_PLACED,1705059332000
10933,CUST033,ORDER_PLACED,1705059333000
10934,CUST034,ORDER_PLACED,1705059334000
10935,CUST035,ORDER_PLACED,1705059335000
10936,CUST036,ORDER_PLACED,1705059336000
10937,CUST037,ORDER_PLACED,1705059337000
10938,CUST038,ORDER_PLACED,1705059338000
10939,CUST039,ORDER_PLACED,1705059339000
10940,CUST040,ORDER_PLACED,1705059340000
10941,CUST041,ORDER_PLACED,1705059341000
10942,CUST042,ORDER_PLACED,1705059342000
10943,CUST043,ORDER_PLACED,1705059343000
10944,CUST044,ORDER_PLACED,1705059344000
10945,CUST045,ORDER_PLACED,1705059345000
10946,CUST046,ORDER_PLACED,1705059346000
10947,CUST047,ORDER_PLACED,1705059347000
10948,CUST048,ORDER_PLACED,1705059348000
10949,CUST049,ORDER_PLACED,1705059349000
10950,CUST050,ORDER_PLACED,1705059350000
10951,CUST051,ORDER_PLACED,1705059351000
10952,CUST052,ORDER_PLACED,1705059352000
10953,CUST053,ORDER_PLACED,1705059353000
10954,CUST054,ORDER_PLACED,1705059354000
10955,CUST055,ORDER_PLACED,1705059355000
10956,CUST056,ORDER_PLACED,1705059356000
10957,CUST057,ORDER_PLACED,1705059357000
10958,CUST058,ORDER_PLACED,1705059358000
10959,CUST059,ORDER_PLACED,1705059359000
10960,CUST060,ORDER_PLACED,1705059360000
10961,CUST061,ORDER_PLACED,1705059361000
10962,CUST062,ORDER_PLACED,1705059362000
10963,CUST063,ORDER_PLACED,1705059363000
10964,CUST064,ORDER_PLACED,1705059364000
10965,CUST065,ORDER_PLACED,1705059365000
10966,CUST066,ORDER_PLACED,1705059366000
10967,CUST067,ORDER_PLACED,1705059367000
10968,CUST068,ORDER_PLACED,1705059368000
10969,CUST069,ORDER_PLACED,1705059369000
10970,CUST070,ORDER_PLACED,1705059370000
10971,CUST071,ORDER_PLACED,1705059371000
10972,CUST072,ORDER_PLACED,1705059372000
10973,CUST073,ORDER_PLACED,1705059373000
10974,CUST074,ORDER_PLACED,1705059374000
10975,CUST075,ORDER_PLACED,1705059375000
10976,CUST076,ORDER_PLACED,1705059376000
10977,CUST077,ORDER_PLACED,1705059377000
10978,CUST078,ORDER_PLACED,1705059378000
10979,CUST079,ORDER_PLACED,1705059379000
10980,CUST080,ORDER_PLACED,1705059380000
10981,CUST081,ORDER_PLACED,1705059381000
10982,CUST082,ORDER_PLACED,1705059382000
10983,CUST083,ORDER_PLACED,1705059383000
10984,CUST084,ORDER_PLACED,1705059384000
10985,CUST085,ORDER_PLACED,1705059385000
10986,CUST086,ORDER_PLACED,1705059386000
10987,CUST087,ORDER_PLACED,1705059387000
10988,CUST088,ORDER_PLACED,1705059388000
10989,CUST089,ORDER_PLACED,1705059389000
10990,CUST090,ORDER_PLACED,1705059390000
10991,CUST091,ORDER_PLACED,1705059391000
10992,CUST092,ORDER_PLACED,1705059392000
10993,CUST093,ORDER_PLACED,1705059393000
10994,CUST094,ORDER_PLACED,1705059394000
10995,CUST095,ORDER_PLACED,1705059395000
10996,CUST096,ORDER_PLACED,1705059396000
10997,CUST097,ORDER_PLACED,1705059397000
10998,CUST098,ORDER_PLACED,1705059398000
10999,CUST099,ORDER_PLACED,1705059399000
11000,CUST000,ORDER_PLACED,1705059400000
